{
	"format_version": "1.8.0",
	"animations": {
		"0": {
			"loop": true,
			"override_previous_animation": true,
			"bones": {
				"top": {
					"position": {
						"vector": [0, "math.sin(query.anim_time*75)*1+32", 0]
					}
				},
				"stones": {
					"rotation": {
						"vector": [0, "query.anim_time*75", 0]
					},
					"position": {
						"vector": [0, "math.sin(query.anim_time*75)*1+16 ", 0]
					}
				}
			}
		},
		"1": {
			"loop": "hold_on_last_frame",
			"animation_length": 1,
			"bones": {
				"base": {
					"position": {
						"vector": [0, 0, 0]
					}
				},
				"top": {
					"position": {
						"0.0": {
							"vector": [0, 0, 0]
						},
						"0.1": [0, 0.22993, 0],
						"0.2": [0, 1.17732, 0],
						"0.3": [0, 3.31801, 0],
						"0.4": [0, 7.75231, 0],
						"0.5": [0, 16.27536, 0],
						"0.6": [0, 24.47193, 0],
						"0.7": [0, 28.69756, 0],
						"0.8": [0, 30.78465, 0],
						"0.9": [0, 31.73822, 0],
						"1.0": {
							"vector": [0, 32, 0]
						}
					}
				},
				"stones": {
					"rotation": {
						"vector": [0, "math.pow(query.anim_time, 2) *360*0.75", 0]
					},
					"position": {
						"0.0": {
							"vector": [0, 0, 0]
						},
						"0.1": [0, 0.18809, 0],
						"0.2": [0, 0.73964, 0],
						"0.3": [0, 1.82242, 0],
						"0.4": [0, 3.71988, 0],
						"0.5": [0, 6.78059, 0],
						"0.6": [0, 10.56733, 0],
						"0.7": [0, 13.45084, 0],
						"0.8": [0, 15.053, 0],
						"0.9": [0, 15.79684, 0],
						"1.0": {
							"vector": [0, 16, 0]
						}
					}
				}
			}
		},
		"2": {
			"animation_length": 20.6667,
			"bones": {
				"top": {
					"position": {
						"vector": [0, "math.sin(query.anim_time*75)*1+32", 0]
					}
				},
				"stones": {
					"rotation": {
						"0.0": {
							"vector": [0, 0, 0]
						},
						"0.0417": [0, 0.2477, 0],
						"0.2083": [0, 1.85418, 0],
						"0.4167": [0, 5.62146, 0],
						"0.5417": [0, 8.87061, 0],
						"0.625": [0, 11.45024, 0],
						"0.75": [0, 15.97871, 0],
						"0.875": [0, 21.3333, 0],
						"1.0": [0, 27.55133, 0],
						"1.125": [0, 34.67182, 0],
						"1.1667": [0, 37.25776, 0],
						"1.25": [0, 42.73557, 0],
						"1.2917": [0, 45.62676, 0],
						"1.4167": [0, 55.01247, 0],
						"1.4583": [0, 58.37493, 0],
						"1.5": [0, 61.86553, 0],
						"1.5417": [0, 65.4637, 0],
						"1.5833": [0, 69.17259, 0],
						"1.625": [0, 73.02315, 0],
						"1.6667": [0, 77.0126, 0],
						"1.7083": [0, 81.12134, 0],
						"1.75": [0, 85.35279, 0],
						"1.7917": [0, 89.71047, 0],
						"1.8333": [0, 94.23957, 0],
						"1.875": [0, 98.9019, 0],
						"1.9167": [0, 103.6999, 0],
						"1.9583": [0, 108.63738, 0],
						"2.0": [0, 113.71826, 0],
						"2.0417": [0, 118.95972, 0],
						"2.0833": [0, 124.37166, 0],
						"2.125": [0, 129.93741, 0],
						"2.1667": [0, 135.66125, 0],
						"2.2083": [0, 141.54751, 0],
						"2.25": [0, 147.60068, 0],
						"2.2917": [0, 153.82534, 0],
						"2.3333": [0, 160.2262, 0],
						"2.375": [0, 166.80806, 0],
						"2.4167": [0, 173.586, 0],
						"2.4583": [0, 180.55723, 0],
						"2.5": [0, 187.72219, 0],
						"2.5417": [0, 195.08613, 0],
						"2.5833": [0, 202.65445, 0],
						"2.625": [0, 210.4327, 0],
						"2.6667": [0, 218.42657, 0],
						"2.7083": [0, 226.64189, 0],
						"2.75": [0, 235.08467, 0],
						"2.7917": [0, 243.76107, 0],
						"2.8333": [0, 252.67741, 0],
						"2.875": [0, 261.84827, 0],
						"2.9167": [0, 271.28487, 0],
						"2.9583": [0, 280.98513, 0],
						"3.0": [0, 290.95623, 0],
						"3.0417": [0, 301.20555, 0],
						"3.0833": [0, 311.74068, 0],
						"3.125": [0, 322.56944, 0],
						"3.1667": [0, 333.71872, 0],
						"3.2083": [0, 345.20895, 0],
						"3.25": [0, 357.02233, 0],
						"3.2917": [0, 369.16781, 0],
						"3.3333": [0, 381.6868, 0],
						"3.375": [0, 394.59523, 0],
						"3.4167": [0, 407.86969, 0],
						"3.4583": [0, 421.56744, 0],
						"3.5": [0, 435.69461, 0],
						"3.5417": [0, 450.24311, 0],
						"3.5833": [0, 465.29384, 0],
						"3.625": [0, 480.79612, 0],
						"3.6667": [0, 496.84776, 0],
						"3.7083": [0, 513.41742, 0],
						"3.75": [0, 530.55453, 0],
						"3.7917": [0, 548.31692, 0],
						"3.8333": [0, 566.69863, 0],
						"3.875": [0, 585.74792, 0],
						"3.9167": [0, 605.526, 0],
						"3.9583": [0, 626.08668, 0],
						"4.0": [0, 647.46572, 0],
						"4.0417": [0, 669.72506, 0],
						"4.0833": [0, 692.94649, 0],
						"4.125": [0, 717.22206, 0],
						"4.1667": [0, 742.61359, 0],
						"4.2083": [0, 769.22993, 0],
						"4.25": [0, 797.23738, 0],
						"4.2917": [0, 826.75643, 0],
						"4.3333": [0, 857.97115, 0],
						"4.375": [0, 891.11577, 0],
						"4.4167": [0, 926.45327, 0],
						"4.4583": [0, 964.37941, 0],
						"4.5": [0, 1005.32825, 0],
						"4.5417": [0, 1049.926, 0],
						"4.5833": [0, 1099.12534, 0],
						"4.625": [0, 1154.23752, 0],
						"4.6667": [0, 1217.44105, 0],
						"4.7083": [0, 1292.40058, 0],
						"4.75": [0, 1384.64491, 0],
						"4.7917": {
							"vector": [0, 1455, 0]
						},
						"4.8333": [0, 1557.72004, 0],
						"4.875": [0, 1693.91107, 0],
						"4.9167": [0, 1804.78824, 0],
						"4.9583": [0, 1898.25482, 0],
						"5.0": [0, 1979.81033, 0],
						"5.0417": [0, 2052.63666, 0],
						"5.0833": [0, 2118.68259, 0],
						"5.125": [0, 2179.32602, 0],
						"5.1667": [0, 2235.51195, 0],
						"5.2083": [0, 2287.88014, 0],
						"5.25": [0, 2337.01829, 0],
						"5.2917": [0, 2383.30754, 0],
						"5.3333": [0, 2427.08793, 0],
						"5.375": [0, 2468.66301, 0],
						"5.4167": [0, 2508.16525, 0],
						"5.4583": [0, 2545.89835, 0],
						"5.5": [0, 2581.92583, 0],
						"5.5417": [0, 2616.42498, 0],
						"5.5833": [0, 2649.52376, 0],
						"5.625": [0, 2681.31898, 0],
						"5.6667": [0, 2711.90098, 0],
						"5.7083": [0, 2741.35418, 0],
						"5.75": [0, 2769.75749, 0],
						"5.7917": [0, 2797.13923, 0],
						"5.8333": [0, 2823.56918, 0],
						"5.875": [0, 2849.14254, 0],
						"5.9167": [0, 2873.87196, 0],
						"5.9583": [0, 2897.78202, 0],
						"6.0": [0, 2920.98421, 0],
						"6.0417": [0, 2943.40372, 0],
						"6.0833": [0, 2965.19562, 0],
						"6.125": [0, 2986.28136, 0],
						"6.1667": [0, 3006.7701, 0],
						"6.2083": [0, 3026.66461, 0],
						"6.25": [0, 3045.94848, 0],
						"6.2917": [0, 3064.71371, 0],
						"6.3333": [0, 3082.95087, 0],
						"6.375": [0, 3100.63603, 0],
						"6.4167": [0, 3117.84981, 0],
						"6.4583": [0, 3134.60467, 0],
						"6.5": [0, 3150.90954, 0],
						"6.5417": [0, 3166.72582, 0],
						"6.5833": [0, 3182.12443, 0],
						"6.625": [0, 3197.11628, 0],
						"6.6667": [0, 3211.71202, 0],
						"6.7083": [0, 3225.92197, 0],
						"6.75": [0, 3239.75621, 0],
						"6.7917": [0, 3253.22452, 0],
						"6.8333": [0, 3266.33643, 0],
						"6.875": [0, 3279.08288, 0],
						"6.9167": [0, 3291.51788, 0],
						"6.9583": [0, 3303.61005, 0],
						"7.0": [0, 3315.38571, 0],
						"7.0417": [0, 3326.85308, 0],
						"7.0833": [0, 3338.02015, 0],
						"7.125": [0, 3348.89066, 0],
						"7.1667": [0, 3359.46598, 0],
						"7.2083": [0, 3369.76027, 0],
						"7.25": [0, 3379.78085, 0],
						"7.2917": [0, 3389.53489, 0],
						"7.3333": [0, 3399.02936, 0],
						"7.375": [0, 3408.27107, 0],
						"7.4167": [0, 3417.26664, 0],
						"7.4583": [0, 3426.02256, 0],
						"7.5": [0, 3434.54513, 0],
						"7.5417": [0, 3442.84051, 0],
						"7.5833": [0, 3450.88357, 0],
						"7.625": [0, 3458.69402, 0],
						"7.6667": [0, 3466.29237, 0],
						"7.7083": [0, 3473.6843, 0],
						"7.75": [0, 3480.87533, 0],
						"7.7917": [0, 3487.87088, 0],
						"7.8333": [0, 3494.62663, 0],
						"7.875": [0, 3501.18368, 0],
						"7.9167": [0, 3507.55862, 0],
						"7.9583": [0, 3513.75641, 0],
						"8.0": [0, 3519.77608, 0],
						"8.0417": [0, 3525.56198, 0],
						"8.0833": [0, 3531.18315, 0],
						"8.125": [0, 3536.64418, 0],
						"8.1667": [0, 3541.94957, 0],
						"8.2083": [0, 3547.02732, 0],
						"8.25": [0, 3551.95272, 0],
						"8.2917": [0, 3556.73376, 0],
						"8.3333": [0, 3561.35662, 0],